Xi,Yi,Xi - a,L_i-1_i,L_i-2_i-1_i,L_i-3_i-2_i-1_i,L_i-4_i-3_i-2_i-1_i,L_i-5_i-4_i-3_i-2_i-1_i,L_i-6_i-5_i-4_i-3_i-2_i-1_i
0.765,2.87611,-0.511
1.867,4.18432,0.591,3.4827
3.987,1.09673,2.711,5.0451,3.7305
5.601,-1.4587,4.325,5.389,4.9907,3.8637
7.043,-3.5729,5.767,4.8824,5.8384,4.8939,3.9476
9.231,0.9876,7.955,-15.5932,29.2783,-6.2794,5.7906,4.0588
10.987,2.87644,9.711,-7.5692,-27.3261,74.7321,-37.654,8.6059,4.2861
