Xi,Yi,Xi - a,L_i-1_i,L_i-2_i-1_i,L_i-3_i-2_i-1_i,L_i-4_i-3_i-2_i-1_i,L_i-5_i-4_i-3_i-2_i-1_i,L_i-6_i-5_i-4_i-3_i-2_i-1_i
1.383,9.05421,1.198
1.357,8.76431,1.172,-4.3035
1.19,7.11326,1.005,-2.8227,4.8882
1.394,6.87628,1.209,8.2807,-354.5304,39148.8412
1.396,7.36734,1.211,-289.9695,1463.3363,-54983.7553,8713829.6571
1.4,8.10234,1.215,-215.1539,-15365.3129,82000.4432,-3788599.5842,889767372.6616
1.404,9.21361,1.219,-329.4459,17085.7976,-3938704.5723,18964283.3431,-571158361.0905,84232102088.6142
