Xi,Yi,Xi - a,L_i-1_i,L_i-2_i-1_i,L_i-3_i-2_i-1_i,L_i-4_i-3_i-2_i-1_i,L_i-5_i-4_i-3_i-2_i-1_i,L_i-6_i-5_i-4_i-3_i-2_i-1_i
-1.104,4.13567,-0.105
-0.986,2.29876,0.013,2.5011
0.465,0.01238,1.464,2.3192,2.4889
1.235,-2.4587,2.234,4.7106,2.3052,2.4807
2.476,-1.1154,3.475,-4.8769,11.6903,2.27,2.4745
3.789,0.56478,4.788,-5.5622,-4.2775,18.723,2.2252,2.4692
4.987,2.17854,5.986,-5.8849,-5.1156,-3.7785,26.0079,2.1734,2.4641
